id,dur,proto,service,state,spkts,dpkts,sbytes,dbytes,rate,sttl,dttl,sload,dload,sloss,dloss,sinpkt,dinpkt,sjit,djit,swin,stcpb,dtcpb,dwin,tcprtt,synack,ackdat,smean,dmean,trans_depth,response_body_len,ct_srv_src,ct_state_ttl,ct_dst_ltm,ct_src_dport_ltm,ct_dst_sport_ltm,ct_dst_src_ltm,is_ftp_login,ct_ftp_cmd,ct_flw_http_mthd,ct_src_ltm,ct_srv_dst,is_sm_ips_ports,attack_cat,label
11940,2.626521,tcp,-,FIN,38,42,1868,6618,30.077809,254,252,5540.408691,19679.26367,16,19,70.987055,61.425659,3427.365774,3143.116,255,3111226258,3606126238,255,0.185935,0.107622,0.078313,49,158,0,0,2,1,1,1,1,2,0,0,0,2,2,0,Generic,Normal
12098,0.940122,tcp,-,FIN,14,12,2726,1246,26.592293,254,252,21546.13867,9726.397461,4,4,68.413695,80.408906,3987.093655,113.943664,255,418739281,1409866317,255,0.108824,0.055618,0.053206,195,104,0,0,2,1,1,1,1,1,0,0,0,1,1,0,Generic,Normal
12173,2.899771,tcp,smtp,FIN,24,22,8446,1792,15.518467,254,252,22332.79883,4720.372559,9,8,126.03613,135.258672,7847.498547,164.862125,255,2816649804,26527505,255,0.113379,0.059338,0.054041,352,81,0,0,1,1,1,1,1,1,0,0,0,1,1,0,Generic,Normal
12247,1.767486,tcp,-,FIN,10,8,2060,354,9.618181,254,252,8391.580078,1403.122925,2,1,186.388222,238.352281,12121.68468,304.474906,255,629734182,3755355420,255,0.186565,0.09901,0.087555,206,44,0,0,3,1,1,1,1,1,0,0,0,2,1,0,Generic,Normal
12264,18.711939,tcp,ssl,FIN,76,372,3962,498346,23.888492,254,252,1671.660034,212487.6563,4,183,249.491132,50.240473,37584.54718,17358.04153,255,841031156,2612942689,255,0.175223,0.072719,0.102504,52,1340,0,0,4,1,4,3,1,4,0,0,0,3,4,0,Generic,Normal
12293,0.664567,tcp,http,FIN,10,8,1194,552,25.580566,254,252,12940.75684,5814.312012,2,2,73.840778,81.88257,3893.356009,142.084641,255,246441548,336764644,255,0.100959,0.049486,0.051473,119,69,1,0,1,1,3,1,1,1,0,0,1,1,1,0,Generic,Normal
12297,1.019496,tcp,smtp,FIN,14,10,4938,882,22.560168,254,252,35986.41016,6230.529785,4,3,73.280076,104.903555,4510.264181,127.217891,255,977926576,809662398,255,0.142662,0.075355,0.067307,353,88,0,0,2,1,1,1,1,1,0,0,0,1,1,0,Generic,Normal
12300,1.051614,tcp,smtp,FIN,24,20,9046,1842,40.889526,254,252,65955.75781,13312.86914,9,8,45.722349,53.309051,2640.226474,75.47025,255,2573057212,1153042268,255,0.074699,0.023659,0.05104,377,92,0,0,1,1,1,1,1,1,0,0,0,1,1,0,Generic,Normal
12373,0.751109,tcp,smtp,FIN,24,20,8852,1774,57.248681,254,252,90362.38281,17957.44727,9,8,32.656912,38.914684,1708.220763,43.604773,255,804966493,854768329,255,0.034976,0.011037,0.023939,369,89,0,0,1,1,1,1,1,1,0,0,0,1,1,0,Generic,Normal
12390,0.558773,tcp,-,FIN,10,6,500,268,26.844533,254,252,6442.687988,3207.026855,2,1,62.085889,100.017,3236.47547,180.056656,255,2912129690,2058724924,255,0.077764,0.026656,0.051108,50,45,0,0,1,1,1,1,1,1,0,0,0,1,1,0,Generic,Normal
12462,1.494946,tcp,http,FIN,28,134,1894,169716,107.696198,254,252,9776.941406,901437.25,2,65,55.368371,9.92615,2758.031173,1220.854834,255,1809035660,2299040860,255,0.221847,0.117056,0.104791,68,1267,1,81780,1,1,1,1,1,1,0,0,1,1,2,0,Generic,Normal
12710,0.633686,tcp,smtp,FIN,18,16,1580,1872,52.076264,254,252,18848.45117,22156.08398,6,6,36.486941,41.779133,1836.011392,48.509082,255,3313783228,2620878584,255,0.053918,0.00699,0.046928,88,117,0,0,2,1,1,1,1,1,0,0,0,1,1,0,Generic,Normal
12773,0.169002,tcp,-,FIN,12,6,6316,268,100.590528,254,252,274079.5938,10603.42481,3,1,15.363819,32.3184,866.580677,44.950203,255,3878468252,3738893537,255,0.051223,0.006762,0.044461,526,45,0,0,1,1,1,1,1,1,0,0,0,1,1,0,Generic,Normal
12849,1.243872,tcp,-,FIN,10,8,468,354,13.667001,254,252,2714.105469,1993.77417,2,1,134.504556,166.396281,7841.083841,296.105844,255,1300995363,595187176,255,0.145783,0.079093,0.06669,47,44,0,0,5,1,2,1,1,5,0,0,0,3,5,0,Generic,Normal
13251,1.199049,tcp,http,FIN,14,38,1344,42122,42.533708,254,252,8326.598633,273643.5313,2,16,92.234538,30.312972,5246.656586,3741.982874,255,1172181139,3002209415,255,0.195147,0.076786,0.118361,96,1108,1,19968,2,1,1,1,1,1,0,0,1,1,1,0,Generic,Normal
13261,0.829247,tcp,-,FIN,12,8,4698,354,22.912353,254,252,41550.94922,2990.665039,3,1,72.190088,99.277859,4511.086009,143.102609,255,992291540,1288223385,255,0.255899,0.134299,0.1216,392,44,0,0,2,1,1,1,1,2,0,0,0,1,5,0,Generic,Normal
13328,1.720654,tcp,http,FIN,24,24,6420,11598,27.315195,254,252,28607.72656,51678.02344,9,10,74.811041,71.035825,3617.119501,3697.871673,255,4140747477,2925178999,255,0.101473,0.042215,0.059258,268,483,1,1474,1,1,1,1,1,1,0,0,1,1,1,0,Generic,Normal
13825,0.931883,tcp,-,FIN,12,10,1116,546,22.535018,254,252,8782.21875,4223.706055,3,3,81.549639,88.250664,4497.228869,110.084102,255,1338002161,4124173587,255,0.167645,0.137618,0.030027,93,55,0,0,1,1,1,1,1,1,0,0,0,1,1,0,Generic,Normal
13834,4.115285,tcp,smtp,FIN,24,20,8894,1838,10.448851,254,252,16570.41992,3396.119629,9,8,178.925435,207.974953,15350.36429,466.761469,255,2530079307,3633858610,255,0.156472,0.10392,0.052552,371,92,0,0,1,1,2,1,1,2,0,0,0,2,1,0,Generic,Normal
13939,0.569187,tcp,-,FIN,10,8,480,376,29.867162,254,252,6071.818359,4624.139648,2,2,63.038222,71.470859,3087.325968,113.357859,255,2872168547,2381753714,255,0.175184,0.068885,0.106299,48,47,0,0,1,1,1,1,1,1,0,0,0,1,1,0,Generic,Normal
14333,0.815466,tcp,http,FIN,10,12,1140,6520,25.752147,254,252,10065.41016,58636.41406,2,4,90.607333,69.171727,5030.415483,4951.439627,255,177118464,3749337787,255,0.076708,0.053796,0.022912,114,543,1,2739,1,1,1,1,1,1,0,0,1,2,1,0,Generic,Normal
14466,0.660487,tcp,http,FIN,10,8,968,1644,25.738584,254,252,10561.90332,17429.5625,2,2,73.387444,89.526141,4762.368369,181.816812,255,3884639057,103286229,255,0.067561,0.022187,0.045374,97,206,1,407,3,1,3,3,1,3,0,0,1,3,3,0,Generic,Normal
15706,1.681389,tcp,smtp,FIN,14,10,2714,742,13.679167,254,252,11994.84473,3178.324707,4,3,127.596534,175.909109,8109.109331,336.865313,255,637348177,3676510892,255,0.186218,0.098192,0.088026,194,74,0,0,1,1,1,1,1,1,0,0,0,1,1,0,Generic,Normal
16419,0.529168,tcp,ftp,FIN,14,14,2018,822,51.023493,254,252,28331.26758,11550.20703,4,5,40.632308,38.624,2062.007597,47.612199,255,1447121981,1578124230,255,0.040724,0.027052,0.013672,144,59,0,0,1,1,1,1,1,1,0,0,0,2,1,0,Generic,Normal
16611,0.569097,tcp,ssl,FIN,38,16,35114,4746,93.129997,254,252,480621.0625,62555.24219,16,4,15.353297,35.362733,1346.228629,2201.120273,255,3888967907,2169891660,255,0.079126,0.038647,0.040479,924,297,0,0,1,1,1,1,1,1,0,0,0,20,1,0,Generic,Normal
16842,0.308396,tcp,http,FIN,10,8,1098,1964,55.123929,254,252,25655.32617,44592.01563,2,2,34.266222,33.731855,1785.639496,58.974562,255,2041953229,464298172,255,0.103062,0.056309,0.046753,110,246,1,566,3,1,3,3,1,3,0,0,1,3,3,0,Generic,Normal
17679,0.408471,tcp,http,FIN,10,6,1558,268,36.722314,254,252,27478.08398,4387.092285,2,1,42.235111,72.537,2474.319775,109.46982,255,129977796,4265493999,255,0.105688,0.045784,0.059904,156,45,1,0,4,1,1,2,1,1,0,0,1,2,1,0,Generic,Normal
17773,0.860103,tcp,smtp,FIN,38,22,31148,1954,68.596435,254,252,282096.4375,17356.06055,16,8,23.246026,39.281617,1566.229697,50.678625,255,2294885529,2490636951,255,0.066217,0.013393,0.052824,820,89,0,0,1,1,1,1,1,1,0,0,0,27,1,0,Generic,Normal
18009,9.234215,tcp,http,FIN,10,10,1146,928,2.057565,254,252,894.066284,724.263,2,2,1026.023889,1021.257687,89425.98594,2533.8775,255,1137157966,1093294637,255,0.109856,0.042126,0.06773,115,93,1,63,4,1,5,4,1,4,0,0,1,4,4,0,Generic,Normal
19463,8.00E-06,udp,-,INT,2,0,94,0,125000.0003,254,0,47000000,0,0,0,0.008,0,0,0,0,0,0,0,0,0,0,47,0,0,0,1,2,1,1,1,1,0,0,0,1,1,0,Generic,Normal
19811,1.186481,tcp,-,FIN,20,8,16864,436,22.756369,254,252,108023.6406,2575.683838,7,2,62.446369,153.189,4614.169282,272.748094,255,842423029,3991212808,255,0.232983,0.113355,0.119628,843,55,0,0,1,1,1,1,1,1,0,0,0,18,1,0,Generic,Normal
19993,0.306039,tcp,http,FIN,10,6,1402,268,49.01336,254,252,32989.25781,5855.462891,2,1,30.391444,49.840398,1576.10366,72.352828,255,3480362688,3083215285,255,0.097652,0.056834,0.040818,140,45,1,0,3,1,3,3,1,3,0,0,1,3,3,0,Generic,Normal
20458,0.705993,tcp,http,FIN,10,8,1398,2262,24.079559,254,252,14266.43066,22436.48242,2,2,78.443667,92.22443,4036.23339,118.087711,255,460312176,3905090107,255,0.124577,0.059165,0.065412,140,283,1,734,1,1,1,1,1,1,0,0,1,1,1,0,Generic,Normal
20902,0.473845,tcp,-,FIN,12,8,1612,436,40.0975,254,252,24953.30664,6449.366211,3,2,38.633635,58.89643,1989.477618,70.067273,255,3998272313,611515541,255,0.087665,0.061569,0.026096,134,55,0,0,3,1,1,1,1,1,0,0,0,2,1,0,Generic,Normal
21056,0.586945,tcp,-,FIN,10,8,1486,354,28.963532,254,252,18236.80273,4225.268066,2,1,60.528889,77.41943,3861.468157,131.423641,255,3890524134,3857851508,255,0.139454,0.045001,0.094453,149,44,0,0,1,1,1,1,1,1,0,0,0,2,1,0,Generic,Normal
21366,1.00E-05,udp,-,INT,2,0,1264,0,100000.0025,254,0,505600000,0,0,0,0.01,0,0,0,0,0,0,0,0,0,0,632,0,0,0,1,2,1,1,1,1,0,0,0,20,1,0,Generic,Normal
21793,0.905187,tcp,ftp,FIN,10,10,2642,548,20.990138,254,252,21016.65234,4365.94873,2,2,100.576333,94.100781,6082.04368,168.125891,255,1233287325,1978451429,255,0.089382,0.057643,0.031739,264,55,0,0,1,1,1,1,1,1,0,0,0,1,1,0,Generic,Normal
22217,8.00E-06,udp,dns,INT,2,0,114,0,125000.0003,254,0,57000000,0,0,0,0.008,0,0,0,0,0,0,0,0,0,0,57,0,0,0,3,2,3,3,2,3,0,0,0,3,3,0,Generic,Normal
22459,1.67112,tcp,-,FIN,16,12,1576,700,16.156828,254,252,7075.494141,3073.387939,4,4,110.144798,149.055641,7811.987985,273.658469,255,3377269073,1450232566,255,0.044999,0.031506,0.013493,99,58,0,0,1,1,2,1,1,2,0,0,0,2,1,0,Generic,Normal
22866,3.244802,tcp,http,FIN,10,18,1140,12804,8.321001,254,252,2529.584229,29815.07031,2,6,360.533556,187.434763,31611.60866,20200.87442,255,60603670,505190610,255,0.108907,0.057415,0.051492,114,711,1,5842,2,1,1,1,1,1,0,0,1,1,1,0,Generic,Normal
23008,0.880054,tcp,http,FIN,100,22,128780,1766,137.491563,254,252,1158956.125,15326.33203,47,2,8.889434,39.830668,890.103422,64.14202,255,1910023812,2943891285,255,0.041033,0.021478,0.019555,1288,80,1,194,2,1,1,1,1,3,0,0,1,1,2,0,Generic,Normal
23248,2.785871,tcp,http,FIN,10,10,1136,1224,6.820129,254,252,2937.680908,3164.539795,2,2,309.541222,304.345656,25502.8043,621.4335,255,3684051393,928696812,255,0.071896,0.046001,0.025895,114,122,1,212,3,1,1,3,1,1,0,0,1,3,1,0,Generic,Normal
23249,1.439496,tcp,http,FIN,10,10,1142,1126,13.199064,254,252,5713.110352,5635.305664,2,2,159.944,150.514781,10223.42952,257.634563,255,3459900347,228792310,255,0.094862,0.065877,0.028985,114,113,1,163,4,1,5,4,1,4,0,0,1,4,4,0,Generic,Normal
23255,0.539188,tcp,-,FIN,12,12,820,648,42.656734,254,252,11157.51758,8813.251953,3,4,49.017089,47.238727,2481.594087,53.320176,255,3473731979,3024378085,255,0.040123,0.018759,0.021364,68,54,0,0,1,1,1,1,1,1,0,0,0,1,1,0,Generic,Normal
43648,5.00E-06,udp,-,INT,2,0,254,0,200000.0051,254,0,203200000,0,0,0,0.005,0,0,0,0,0,0,0,0,0,0,127,0,0,0,2,2,2,1,1,2,0,0,0,2,2,0,Generic,Normal
43672,0.575686,tcp,http,FIN,24,112,2326,138999,234.502846,62,252,30989.11719,1914349.25,2,54,25.029827,4.692351,1178.89686,544.705458,255,254500068,2316887441,255,0.063208,0.054551,0.008657,97,1241,1,66861,3,1,1,1,1,1,0,0,1,1,1,0,Generic,Normal
43759,0.813371,tcp,http,FIN,10,8,494,382,20.900671,254,252,4376.84668,3294.929443,2,2,90.374556,103.536859,4979.120237,166.875625,255,652136226,1919159202,255,0.158773,0.087988,0.070785,49,48,0,0,2,1,2,1,1,1,0,0,0,2,1,0,Generic,Normal
43763,3.530441,tcp,-,FIN,22,22,3904,2764,12.179781,254,252,8445.40332,5979.989258,8,8,168.116232,163.958766,9293.55312,219.179922,255,3422706918,311287448,255,0.239967,0.086613,0.153354,177,126,0,0,4,1,1,1,1,1,0,0,0,1,2,0,Generic,Normal
43782,0.565437,tcp,-,FIN,10,6,2448,268,26.528153,254,252,31182.96094,3169.22998,2,1,62.826333,98.230602,3331.178722,154.783609,255,3210015993,2908658000,255,0.24195,0.073972,0.167978,245,45,0,0,4,1,2,1,1,1,0,0,0,1,5,0,Generic,Normal
43796,0.241641,tcp,-,FIN,10,8,1474,440,70.3523,254,252,43932.94141,12746.18164,2,2,22.970556,32.333285,1473.509494,41.148031,255,3080367643,2396541607,255,0.028333,0.015297,0.013036,147,55,0,0,1,1,1,1,1,1,0,0,0,1,1,0,Generic,Normal
43823,1.02073,tcp,http,FIN,10,8,1160,2668,16.654747,62,252,8182.378906,18300.62695,2,2,113.414444,126.129141,6121.791994,201.984297,255,2717994057,1037959083,255,0.294953,0.137154,0.157799,116,334,0,0,2,1,1,1,1,1,0,0,0,2,1,0,Generic,Normal
43826,3.259712,tcp,smtp,FIN,24,20,9096,1946,13.191349,254,252,21393.30078,4537.824219,9,8,141.726611,166.749953,8028.268757,206.891781,255,1534696059,828173708,255,0.172153,0.091064,0.081089,379,97,0,0,1,1,2,1,1,1,0,0,0,1,1,0,Generic,Normal
43865,5.00E-06,udp,-,INT,2,0,1098,0,200000.0051,254,0,878400000,0,0,0,0.005,0,0,0,0,0,0,0,0,0,0,549,0,0,0,2,2,1,1,1,1,0,0,0,1,1,0,Generic,Normal
43870,1.90E-05,udp,-,INT,2,0,1388,0,52631.58129,254,0,292210528,0,0,0,0.019,0,0,0,0,0,0,0,0,0,0,694,0,0,0,1,2,1,1,1,1,0,0,0,1,1,0,Generic,Normal
43889,0.51547,tcp,-,FIN,14,8,8860,354,40.739517,254,252,127697.0469,4811.143066,4,1,39.651539,62.571285,2942.109684,112.49475,255,2420702993,1422405766,255,0.078622,0.045352,0.03327,633,44,0,0,2,1,2,1,1,2,0,0,0,2,2,0,Generic,Normal
43915,3.56865,tcp,smtp,FIN,40,22,32226,1814,17.093299,62,252,70437.84375,3882.700684,17,8,91.503845,165.570531,8305.656741,296.792281,255,1830211951,1068516416,255,0.194448,0.091007,0.103441,806,82,0,0,1,1,1,1,1,1,0,0,0,1,1,0,Generic,Normal
43927,1.55961,tcp,-,FIN,20,10,15410,456,18.594392,254,252,75095.69531,2108.219238,7,2,74.958579,159.614328,5620.836789,226.512016,255,3957937600,2471951365,255,0.227683,0.123074,0.104609,771,46,0,0,5,1,1,1,1,1,0,0,0,1,1,0,Generic,Normal
44036,1.067633,tcp,-,FIN,10,8,500,354,15.923074,254,252,3371.945068,2322.895508,2,1,109.296111,138.134859,6435.328199,195.700547,255,3491954933,2136207216,255,0.151207,0.100681,0.050526,50,44,0,0,2,1,1,1,1,1,0,0,0,1,1,0,Generic,Normal
44053,5.00E-06,udp,-,INT,2,0,1380,0,200000.0051,254,0,1104000000,0,0,0,0.005,0,0,0,0,0,0,0,0,0,0,690,0,0,0,2,2,1,1,1,1,0,0,0,2,1,0,Generic,Normal
44061,2.013355,tcp,-,FIN,10,18,1212,14488,13.410452,62,252,4335.052734,54372.92578,2,6,223.668667,114.089583,13638.14636,9267.466063,255,2807840693,265944071,255,0.134468,0.073821,0.060647,121,805,0,0,3,1,1,1,1,1,0,0,0,2,3,0,Generic,Normal
44082,0.830644,tcp,ssl,FIN,14,12,1988,3532,30.097129,254,252,17778.97656,31185.44141,4,4,63.895692,70.121727,3075.777609,86.173523,255,3801548790,2204535139,255,0.114318,0.05851,0.055808,142,294,0,0,2,1,1,1,1,1,0,0,0,4,2,0,Generic,Normal
44109,0.768607,tcp,-,FIN,16,8,10156,354,29.924265,254,252,99109.16406,3226.616455,5,1,51.176533,95.418141,3575.616905,154.873297,255,3519487456,2176521645,255,0.187678,0.100672,0.087006,635,44,0,0,7,1,1,1,1,1,0,0,0,2,4,0,Generic,Normal
44111,1.179404,tcp,http,FIN,12,28,788,29468,33.067549,62,252,4904.171875,192748.2031,2,11,107.126999,39.424185,6977.460026,3663.796693,255,2806964726,927407306,255,0.187101,0.114943,0.072158,66,1052,1,13824,1,1,1,1,1,1,0,0,1,1,1,0,Generic,Normal
44184,2.611576,tcp,http,FIN,76,464,4032,617411,206.38878,62,252,12188.80859,1887231.25,2,230,34.821012,5.612147,1688.042186,679.527966,255,3282165119,747255416,255,0.062953,0.012282,0.050671,53,1331,0,0,1,1,1,1,1,1,0,0,0,1,2,0,Generic,Normal
44189,0.588697,tcp,http,FIN,20,84,2050,101920,174.962667,62,252,26472.02148,1368541,2,39,30.984053,6.656301,2265.744413,1225.113804,255,2880777572,273221130,255,0.079465,0.020632,0.058833,103,1213,1,48874,1,1,1,1,1,1,0,0,1,1,1,0,Generic,Normal
44197,3.00E-06,udp,-,INT,2,0,1354,0,333333.3215,254,0,1805333248,0,0,0,0.003,0,0,0,0,0,0,0,0,0,0,677,0,0,0,2,2,1,1,1,1,0,0,0,1,1,0,Generic,Normal
44230,0.420918,tcp,http,FIN,14,40,1478,48886,125.915265,62,252,26095.3457,905905.6875,2,18,32.378308,9.008128,1642.477638,1044.59607,255,3588137920,4132103729,255,0.117376,0.069248,0.048128,106,1222,1,23260,2,1,1,2,1,1,0,0,1,2,1,0,Generic,Normal
44235,1.40153,tcp,-,FIN,10,8,472,380,12.129601,254,252,2425.920166,1900.779785,2,2,146.233889,191.005859,10268.4936,316.880875,255,188878635,492295474,255,0.143642,0.064487,0.079155,47,48,0,0,6,1,1,1,1,1,0,0,0,2,2,0,Generic,Normal
44250,1.10E-05,udp,-,INT,2,0,2128,0,90909.0902,254,0,773818176,0,0,0,0.011,0,0,0,0,0,0,0,0,0,0,1064,0,0,0,4,2,1,1,1,1,0,0,0,1,2,0,Generic,Normal
44286,0.741448,tcp,-,FIN,10,6,1052,268,20.230684,254,252,10217.84375,2416.892334,2,1,82.383111,116.407398,4090.921,195.927047,255,1724148555,1707182488,255,0.200283,0.128713,0.07157,105,45,0,0,3,1,1,1,1,1,0,0,0,1,4,0,Generic,Normal
44291,5.00E-06,udp,-,INT,2,0,1346,0,200000.0051,254,0,1076800000,0,0,0,0.005,0,0,0,0,0,0,0,0,0,0,673,0,0,0,4,2,2,1,1,1,0,0,0,2,3,0,Generic,Normal
44316,0.19491,tcp,-,FIN,10,6,844,268,76.958594,254,252,31193.88281,9193.986328,2,1,19.932667,37.800801,1071.497007,61.076766,255,257622786,1677629526,255,0.050128,0.005888,0.04424,84,45,0,0,1,1,1,1,1,1,0,0,0,1,1,0,Generic,Normal
44371,0.203967,tcp,http,FIN,10,10,638,4772,93.152321,254,252,22552.66797,168458.625,2,3,22.663,21.379889,1174.495012,1837.615197,255,196372025,3435623144,255,0.061571,0.006522,0.055049,64,477,1,1719,1,1,1,1,1,1,0,0,1,1,1,0,Generic,Normal
44399,1.20E-05,udp,-,INT,2,0,1456,0,83333.33039,254,0,485333312,0,0,0,0.012,0,0,0,0,0,0,0,0,0,0,728,0,0,0,1,2,1,1,1,1,0,0,0,1,1,0,Generic,Normal
44416,0.383638,tcp,http,FIN,16,54,1516,66749,179.857055,62,252,29652.95508,1366142,2,25,25.575867,7.069358,1279.699112,847.500933,255,474698210,2980829899,255,0.053317,0.00806,0.045257,95,1236,1,31964,1,1,1,1,1,1,0,0,1,1,1,0,Generic,Normal
44418,40.711552,tcp,ssl,FIN,68,370,3618,498266,10.734054,254,252,700.538269,97646.97656,4,182,76.635376,110.265641,3903.095684,55617.96195,255,2725802390,313566606,255,0.092911,0.023518,0.069393,53,1347,0,0,5,1,1,1,1,1,0,0,0,1,5,0,Generic,Normal
44456,0.770105,tcp,smtp,FIN,24,20,8174,1752,55.836541,254,252,81381.10938,17296.3418,9,8,33.482827,39.975367,1824.52572,48.502156,255,3051105197,2342534952,255,0.051039,0.005486,0.045553,341,88,0,0,1,1,1,1,1,1,0,0,0,1,1,0,Generic,Normal
44463,1.196097,tcp,-,FIN,10,8,1448,450,14.212894,254,252,8721.700195,2635.237793,2,2,130.221333,159.474422,7619.517644,220.934609,255,969231125,1605795701,255,0.184602,0.079763,0.104839,145,56,0,0,5,1,1,1,1,1,0,0,0,2,1,0,Generic,Normal
44464,1.460922,tcp,-,FIN,16,14,880,1342,19.850478,254,252,4517.694824,6828.564453,5,5,93.239864,105.736844,4654.833317,118.152383,255,979507979,1233209134,255,0.151977,0.086341,0.065636,55,96,0,0,7,1,2,1,1,1,0,0,0,2,1,0,Generic,Normal
44490,1.77553,tcp,-,FIN,14,24,1662,22840,20.838848,254,252,6956.795898,98625.20313,4,10,136.579226,71.187782,6750.115957,5520.032504,255,1438183718,2397551025,255,0.280535,0.137347,0.143188,119,952,0,0,1,1,1,1,1,1,0,0,0,2,5,0,Generic,Normal
44501,0.534953,tcp,http,FIN,22,92,1710,115722,211.233511,62,252,24420.83789,1711776.5,2,44,25.473952,5.800187,1218.397927,703.050315,255,1238755653,2995923100,255,0.050365,0.006418,0.043947,78,1258,1,55622,1,1,1,1,1,1,0,0,1,1,1,0,Generic,Normal
44533,0.51296,tcp,http,FIN,22,92,1708,115690,220.290074,62,252,25436.67969,1784669.25,2,44,24.426667,5.401352,1223.613013,685.918154,255,3502303690,2179247773,255,0.062523,0.016525,0.045998,78,1258,1,55622,2,1,1,1,1,1,0,0,1,1,2,0,Generic,Normal
44548,5.00E-06,udp,-,INT,2,0,1614,0,200000.0051,254,0,1291200000,0,0,0,0.005,0,0,0,0,0,0,0,0,0,0,807,0,0,0,3,2,1,1,1,1,0,0,0,1,1,0,Generic,Normal
44550,0.256495,tcp,-,FIN,10,8,1432,2172,66.278095,254,252,40203.51172,59291.60547,2,2,28.499444,35.52357,1402.2533,50.652773,255,2683298052,3947710837,255,0.052333,0.007058,0.045275,143,272,0,0,1,1,1,1,1,1,0,0,0,1,1,0,Generic,Normal
44551,2.034041,tcp,-,FIN,22,20,5660,2618,20.15692,254,252,21250.31055,9785.447266,8,8,96.859095,100.907422,4703.372553,121.332055,255,1989413285,2275108771,255,0.226447,0.11619,0.110257,257,131,0,0,3,1,1,1,1,1,0,0,0,1,1,0,Generic,Normal
44574,0.505217,tcp,smtp,FIN,18,16,1354,1990,65.318465,62,252,20252.68359,29547.69922,6,6,29.718647,32.026467,1480.045096,40.186395,255,3753539747,814650591,255,0.040984,0.024186,0.016798,75,124,0,0,1,1,1,1,1,1,0,0,0,1,1,0,Generic,Normal
44685,0.282589,tcp,http,FIN,10,8,1118,2942,60.158041,62,252,28507.83398,72897.39063,2,2,31.398778,38.969145,1611.728766,53.777359,255,57886230,1240212763,255,0.053261,0.009175,0.044086,112,368,1,921,2,1,1,1,1,1,0,0,1,1,2,0,Generic,Normal
44692,1.196775,tcp,smtp,FIN,16,12,8734,910,22.560632,254,252,54740.44922,5581.66748,5,4,76.6052,101.334,5222.061621,157.784922,255,4109011611,1379802004,255,0.106983,0.082096,0.024887,546,76,0,0,1,1,1,1,1,1,0,0,0,1,1,0,Generic,Normal
44694,0.593119,tcp,http,FIN,12,22,1384,21660,55.638074,62,252,17116.29492,278878.25,2,9,53.91991,25.191095,3000.99953,2544.915862,255,2560398921,582145620,255,0.142017,0.063088,0.078929,115,985,1,10007,1,1,1,1,1,1,0,0,1,2,1,0,Generic,Normal
44695,1.189035,tcp,http,FIN,10,14,1264,7586,19.343416,62,252,7656.628906,47399.78125,2,4,132.115,83.087692,9192.336499,5437.401872,255,2992382664,3369043469,255,0.171785,0.108605,0.06318,126,542,1,3175,1,1,1,1,1,1,0,0,1,1,1,0,Generic,Normal
44720,4.474854,tcp,http,FIN,48,246,2454,332225,65.476997,254,252,4296.005859,591527.6875,2,121,95.209659,17.829273,4495.734008,2051.784508,255,3586712660,992314898,255,0.238602,0.105867,0.132735,51,1351,0,0,1,1,1,1,1,1,0,0,0,3,1,0,Generic,Normal
44721,0.809739,tcp,smtp,FIN,24,20,8374,1730,53.103531,254,252,79294.6875,16242.27051,9,8,35.206045,41.999844,1889.864263,50.708395,255,4287991269,1050370838,255,0.054779,0.007156,0.047623,349,87,0,0,1,1,1,1,1,1,0,0,0,1,1,0,Generic,Normal
44764,7.00E-06,udp,-,INT,2,0,1240,0,142857.1409,254,0,708571392,0,0,0,0.007,0,0,0,0,0,0,0,0,0,0,620,0,0,0,1,2,1,1,1,1,0,0,0,1,2,0,Generic,Normal
44794,1.10E-05,udp,dns,INT,2,0,118,0,90909.0902,254,0,42909092,0,0,0,0.011,0,0,0,0,0,0,0,0,0,0,59,0,0,0,1,2,1,1,1,1,0,0,0,2,1,0,Generic,Normal
44797,1.488211,tcp,http,FIN,10,10,1530,1728,12.767007,62,252,7402.175781,8364.405273,2,2,165.342,158.553562,9570.416238,290.46975,255,655115329,1286226883,255,0.157188,0.061219,0.095969,153,173,0,0,1,1,1,1,1,1,0,0,0,2,1,0,Generic,Normal
44835,0.394707,tcp,http,FIN,12,32,1288,34708,108.941571,62,252,23936.74414,681497.9375,2,14,35.882454,11.511709,2132.172276,1295.798252,255,608638671,3233290360,255,0.079392,0.025428,0.053964,107,1085,0,0,2,1,1,1,1,1,0,0,0,1,1,0,Generic,Normal
44836,0.282392,tcp,http,FIN,10,8,1366,3208,60.200007,62,252,34845.17969,79520.66406,2,2,31.376889,35.66243,1588.394898,64.730691,255,3556549936,3427450612,255,0.062318,0.031991,0.030327,137,401,1,1054,1,1,1,1,1,1,0,0,1,5,1,0,Generic,Normal
44881,1.217401,ospf,-,INT,28,0,3024,0,22.178394,254,0,19162.13281,0,0,0,45.088926,0,50.221277,0,0,0,0,0,0,0,0,108,0,0,0,2,2,2,2,2,2,0,0,0,2,2,0,Generic,Normal
44895,0.78598,tcp,http,FIN,10,10,1270,1230,24.173644,254,252,11633.88379,11267.46289,2,2,87.331111,76.970664,5509.103023,117.327812,255,3386786628,2857846804,255,0.142154,0.092458,0.049696,127,123,0,0,1,1,1,1,1,1,0,0,0,3,1,0,Generic,Normal
44917,0.225714,tcp,http,FIN,14,34,1290,39472,208.228113,62,252,42460.8125,1357895.375,2,15,17.362615,6.619121,944.30355,844.80024,255,2595431952,2025974446,255,0.05063,0.0067,0.04393,92,1161,1,18663,1,1,1,1,1,1,0,0,1,1,1,0,Generic,Normal
44947,1.665538,tcp,http,FIN,14,12,2066,3882,15.010165,62,252,9217.442383,17094.77734,3,3,128.118308,142.966359,8230.985934,221.55,255,3479726730,3534593945,255,0.188983,0.092616,0.096367,148,324,1,848,1,1,1,1,1,1,0,0,1,1,1,0,Generic,Normal
44948,1.239641,tcp,http,FIN,10,12,1370,4252,16.940389,62,252,7957.142578,25155.67188,2,3,137.737889,96.04282,8383.082489,6027.140546,255,4231721025,3084251124,255,0.288758,0.182241,0.106517,137,354,0,0,1,1,1,1,1,1,0,0,0,2,1,0,Generic,Normal
44952,18.193382,tcp,ssl,FIN,74,366,3876,498106,24.129653,254,252,1681.490479,218429.3125,4,180,249.223401,49.568025,36564.74261,16856.35732,255,1125780903,3857652049,255,0.17999,0.101049,0.078941,52,1361,0,0,5,1,3,3,1,3,0,0,0,4,5,0,Generic,Normal
44956,25.432261,tcp,ssl,FIN,70,366,3704,498106,17.10426,254,252,1148.7771,156256.9688,4,180,368.582935,69.386115,74063.63125,32713.70635,255,4067777306,482382184,255,0.163628,0.10632,0.057308,53,1361,0,0,5,1,3,3,1,3,0,0,0,4,5,0,Generic,Normal
44974,4.281205,tcp,http,FIN,56,296,4164,402128,81.98626,62,252,7642.70752,748891.9375,3,145,77.840093,14.347064,5116.067147,2247.427229,255,2715456160,1471353659,255,0.112947,0.048143,0.064804,74,1359,0,0,1,1,1,1,1,1,0,0,0,1,1,0,Generic,Normal
45021,1.217401,ospf,-,INT,28,0,3024,0,22.178394,254,0,19162.13281,0,0,0,45.088926,0,50.221277,0,0,0,0,0,0,0,0,108,0,0,0,2,2,2,2,2,2,0,0,0,2,2,0,Generic,Normal
45065,5.683607,tcp,-,FIN,14,12,1492,734,4.398615,254,252,1950.873779,947.285767,3,2,437.180067,509.565281,32154.29319,995.76575,255,373554249,4057085475,255,0.186805,0.078385,0.10842,107,61,0,0,1,1,1,1,1,1,0,0,0,1,1,0,Generic,Normal
45094,6.00E-06,udp,dns,INT,2,0,140,0,166666.6608,254,0,93333328,0,0,0,0.006,0,0,0,0,0,0,0,0,0,0,70,0,0,0,2,2,2,2,1,2,0,0,0,2,2,0,Generic,Normal
45127,0.221826,tcp,-,FIN,10,10,1188,5174,85.652718,62,252,38588.80469,167951.4531,2,3,24.647333,23.878333,1170.957027,1678.030436,255,983834862,2665772456,255,0.051357,0.006321,0.045036,119,517,1,1738,1,1,1,1,1,1,0,0,1,1,1,0,Generic,Normal
45166,0.924761,tcp,ssl,FIN,12,12,1088,2934,24.871291,254,252,8633.582031,23270.87695,3,3,83.994638,77.833094,5120.085266,114.724859,255,2077834981,4034864196,255,0.182299,0.068587,0.113712,91,245,0,0,2,1,1,1,1,1,0,0,0,3,2,0,Generic,Normal
45178,7.677479,tcp,http,FIN,116,696,6282,963063,105.633636,62,252,6489.630371,1002078.938,2,346,66.760684,10.821744,3151.0466,1247.686788,255,2925624715,2120530570,255,0.161903,0.122662,0.039241,54,1384,1,467212,1,1,1,1,1,1,0,0,1,1,1,0,Generic,Normal
45191,1.867285,tcp,smtp,FIN,48,24,42134,1316,38.023119,62,252,176757.1563,5406.780273,21,8,39.729468,77.122563,2820.087904,96.273859,255,1722386341,1039829630,255,0.134103,0.05547,0.078633,878,55,0,0,1,1,2,1,1,1,0,0,0,2,1,0,Generic,Normal
45234,0.286003,tcp,-,FIN,12,8,732,468,66.432871,254,252,18769.03516,11468.41113,3,2,24.283817,39.81243,1297.504631,56.73798,255,3426712379,3210747800,255,0.055597,0.007306,0.048291,61,59,0,0,3,1,1,1,1,1,0,0,0,2,2,0,Generic,Normal
45261,0.745056,tcp,http,FIN,14,40,1720,48452,71.135595,62,252,17158.44336,507247.7813,2,18,57.312001,17.623872,3111.05319,2070.53508,255,324322491,583897757,255,0.115491,0.057613,0.057878,123,1211,1,23040,2,1,1,1,1,1,0,0,1,5,1,0,Generic,Normal
45278,0.293537,tcp,http,FIN,10,8,1170,1990,57.914336,62,252,28698.25781,47476.12891,2,2,32.615222,38.721285,1615.395751,54.67416,255,1738521749,1556389301,255,0.067551,0.021819,0.045732,117,249,1,441,3,1,1,1,1,1,0,0,1,1,1,0,Generic,Normal
45280,0.721082,tcp,smtp,FIN,24,20,8320,1856,59.63261,254,252,88467.05469,19570.58984,9,8,31.351392,36.355473,1656.325243,45.919668,255,2813917808,2096894597,255,0.05061,0.005998,0.044612,347,93,0,0,1,1,1,1,1,1,0,0,0,1,1,0,Generic,Normal
45307,0.712269,tcp,http,FIN,14,36,1344,42036,68.794233,254,252,14017.17578,459028.8125,2,16,54.789924,17.9498,3314.752975,1943.128453,255,1837981966,1450903088,255,0.156263,0.083195,0.073068,96,1168,1,19968,1,1,1,1,1,1,0,0,1,2,1,0,Generic,Normal
45316,1.20E-05,udp,-,INT,2,0,1300,0,83333.33039,254,0,433333312,0,0,0,0.012,0,0,0,0,0,0,0,0,0,0,650,0,0,0,1,2,1,1,1,1,0,0,0,1,1,0,Generic,Normal
45327,0.216083,tcp,http,FIN,10,8,1250,2482,78.673471,254,252,41650.66016,80413.53906,2,2,24.009222,29.101,1311.704583,51.221992,255,2855920245,3121711412,255,0.053071,0.008294,0.044777,125,310,1,747,1,1,1,1,1,1,0,0,1,2,1,0,Generic,Normal
45343,8.945664,tcp,ssl,FIN,74,372,3876,498346,49.744768,254,252,3419.75708,444467.375,4,183,122.53111,23.802418,9464.289687,3560.757781,255,1072010152,1380154504,255,0.196918,0.114963,0.081955,52,1340,0,0,5,1,1,1,1,1,0,0,0,2,5,0,Generic,Normal
45352,1.456649,tcp,-,FIN,60,16,68053,698,51.488041,254,252,367523,3597.297852,27,1,24.672831,92.819398,2508.350308,152.724844,255,2415760895,4224465926,255,0.132324,0.064351,0.067973,1134,44,0,0,1,1,1,1,1,1,0,0,0,1,1,0,Generic,Normal
45372,3.239353,tcp,http,FIN,12,28,1368,29546,12.039441,62,252,3096.914795,70362.20313,2,11,294.486636,116.499744,19157.07802,12976.16693,255,3758969653,710994908,255,0.177719,0.093173,0.084546,114,1055,0,0,1,1,1,1,1,1,0,0,0,2,1,0,Generic,Normal
45423,0.492782,tcp,http,FIN,22,92,1770,115574,229.310325,62,252,27436.06641,1855879.5,2,44,23.465809,5.150912,1159.018732,617.648663,255,2807605777,1582927802,255,0.031168,0.023451,0.007717,80,1256,1,55622,1,1,1,1,1,1,0,0,1,1,1,0,Generic,Normal
45427,0.988333,tcp,http,FIN,10,8,936,3066,17.200681,254,252,6823.611328,21717.37695,2,2,109.814778,129.867,6213.316538,253.426219,255,1289785527,459523710,255,0.139818,0.078996,0.060822,94,383,0,0,2,1,1,1,1,1,0,0,0,1,1,0,Generic,Normal
45446,0.173024,tcp,-,FIN,16,6,12268,268,121.370447,254,252,531810.625,10356.94434,5,1,10.242067,31.537801,760.022904,48.691816,255,3663773948,519146727,255,0.027196,0.015325,0.011871,767,45,0,0,1,1,1,1,1,1,0,0,0,2,1,0,Generic,Normal
45448,0.379806,tcp,http,FIN,16,52,1376,61249,176.405844,62,252,27171.76563,1265319.625,2,24,25.3204,7.309647,1235.679459,874.162274,255,1504895211,2643477184,255,0.051474,0.006373,0.045101,86,1178,1,29184,1,1,1,1,1,1,0,0,1,1,1,0,Generic,Normal
45483,0.886027,tcp,smtp,FIN,14,10,4938,882,25.958578,254,252,41407.31641,7169.082031,4,3,65.975695,91.921781,4342.767493,135.148109,255,3795535051,3697353123,255,0.123657,0.058725,0.064932,353,88,0,0,2,1,1,2,1,1,0,0,0,4,1,0,Generic,Normal
45509,0.248369,tcp,http,FIN,10,8,1156,1690,68.446547,62,252,33530.75391,47638.79688,2,2,27.596556,34.570855,1362.923815,50.514711,255,483404313,1764976528,255,0.050694,0.005668,0.045026,116,211,1,291,4,1,1,1,1,1,0,0,1,1,1,0,Generic,Normal
45540,0.71137,tcp,-,FIN,20,24,3474,11603,60.446744,62,252,37122.73438,125054.4766,7,10,37.440526,30.454651,1827.112147,1641.929753,255,3810559847,4234874031,255,0.053055,0.006135,0.04692,174,483,0,0,1,1,1,1,1,1,0,0,0,1,1,0,Generic,Normal
45578,0.196692,tcp,http,FIN,10,14,1526,10034,116.934087,62,252,55884.32422,378988.4688,2,5,21.854667,14.021999,1144.936936,1414.296462,255,399946811,1130533753,255,0.0568,0.010117,0.046683,153,717,1,4360,1,1,1,1,1,1,0,0,1,1,1,0,Generic,Normal
45603,1.00E-05,udp,dns,INT,2,0,214,0,100000.0025,254,0,85600000,0,0,0,0.01,0,0,0,0,0,0,0,0,0,0,107,0,0,0,1,2,1,1,1,1,0,0,0,2,1,0,Generic,Normal
45605,3.416036,tcp,smtp,FIN,24,20,8426,1758,12.58769,254,252,18910.80859,3913.307861,9,8,148.477734,173.881422,9215.008866,272.389687,255,1008833362,3003152477,255,0.35964,0.112288,0.247352,351,88,0,0,1,1,1,1,1,1,0,0,0,1,1,0,Generic,Normal
45644,2.00E-06,udp,-,INT,2,0,1340,0,500000.0013,254,0,2680000000,0,0,0,0.002,0,0,0,0,0,0,0,0,0,0,670,0,0,0,3,2,1,1,1,1,0,0,0,1,1,0,Generic,Normal
45651,0.372062,tcp,smtp,FIN,24,14,17480,842,99.445792,254,252,360198.0313,16814.40234,9,4,15.219522,27.180539,1100.352183,40.206164,255,2788254194,1491323324,255,0.032403,0.01871,0.013693,728,60,0,0,1,1,1,1,1,1,0,0,0,1,1,0,Generic,Normal
45654,0.362505,tcp,ssl,FIN,12,12,3026,3744,63.447403,254,252,61218.46875,75739.64844,3,4,32.955001,32.283455,1602.256986,1966.933457,255,2421315589,2081335269,255,0.050709,0.006774,0.043935,252,312,0,0,1,1,1,1,1,1,0,0,0,1,1,0,Generic,Normal
45660,0.74366,tcp,smtp,FIN,24,20,8266,1854,57.822125,254,252,85221.74219,18954.90039,9,8,32.333042,37.860105,1726.694903,48.248695,255,2309322436,35069611,255,0.080695,0.019396,0.061299,344,93,0,0,1,1,1,1,1,1,0,0,0,2,2,0,Generic,Normal
45704,0.647121,tcp,smtp,FIN,18,16,1580,1872,50.995099,254,252,18457.13477,21696.0957,6,6,37.533706,42.712266,1879.706958,49.665754,255,1696422114,505355758,255,0.052784,0.006433,0.046351,88,117,0,0,2,1,1,1,1,1,0,0,0,1,1,0,Generic,Normal
45728,1.993132,tcp,smtp,FIN,38,22,30950,1826,29.601652,254,252,120959.375,6996.024414,16,8,53.843378,87.431953,3599.171278,103.881352,255,3195778521,2388986297,255,0.229841,0.157055,0.072786,814,83,0,0,1,1,2,1,1,1,0,0,0,4,1,0,Generic,Normal
45742,0.248855,tcp,http,FIN,10,8,560,426,68.312874,254,252,16202.20606,11990.91895,2,2,27.650556,34.341285,1365.227768,50.359621,255,4185220985,4107202142,255,0.052263,0.007739,0.044524,56,53,1,0,2,1,1,1,1,1,0,0,1,1,1,0,Generic,Normal
45752,0.485835,tcp,http,FIN,18,58,1984,67743,154.373403,62,252,30858.21484,1096273.5,3,26,28.578529,8.407754,1458.616412,904.224954,255,2088695040,1405955001,255,0.052097,0.005928,0.046169,110,1168,2,0,4,1,1,1,1,1,0,0,1,1,1,0,Generic,Normal
45757,0.272196,tcp,http,FIN,42,24,45578,18600,238.798517,254,252,1307675.375,523887.2188,17,8,6.638927,11.288913,611.471353,952.892938,255,443021630,1775735270,255,0.05187,0.007972,0.043898,1085,775,1,8446,1,1,1,1,1,1,0,0,1,1,1,0,Generic,Normal
45766,0.236258,tcp,-,FIN,10,6,768,268,63.489914,254,252,23432.01172,7584.928223,2,1,23.207444,46.009,1265.786848,70.654141,255,1814881613,2933065316,255,0.055962,0.006203,0.049759,77,45,0,0,1,1,1,1,1,1,0,0,0,1,1,0,Generic,Normal
45785,7.00E-06,udp,dns,INT,2,0,156,0,142857.1409,254,0,89142856,0,0,0,0.007,0,0,0,0,0,0,0,0,0,0,78,0,0,0,2,2,2,2,1,2,0,0,0,2,2,0,Generic,Normal
45786,7.00E-06,udp,dns,INT,2,0,156,0,142857.1409,254,0,89142856,0,0,0,0.007,0,0,0,0,0,0,0,0,0,0,78,0,0,0,2,2,2,2,1,2,0,0,0,2,2,0,Generic,Normal
45790,7.00E-06,udp,dns,INT,2,0,156,0,142857.1409,254,0,89142856,0,0,0,0.007,0,0,0,0,0,0,0,0,0,0,78,0,0,0,2,2,2,2,1,2,0,0,0,2,2,0,Generic,Normal
45834,0.210039,tcp,-,FIN,38,10,42108,440,223.767962,254,252,1561614.75,15082.91309,16,1,5.67673,21.916555,516.018852,40.573113,255,4088653185,1654242150,255,0.055939,0.007891,0.048048,1108,44,0,0,1,1,1,1,1,1,0,0,0,1,1,0,Generic,Normal
45851,0.92326,tcp,http,FIN,14,14,3054,6940,29.244201,62,252,24573.79297,55845.59375,4,4,71.019998,64.241848,4224.947489,98.715977,255,441798757,3656235909,255,0.115394,0.051195,0.064199,218,496,2,1090,2,1,1,1,1,1,0,0,1,1,1,0,Generic,Normal
45864,1.034766,tcp,-,FIN,14,12,1730,1014,24.160053,254,252,12424.06543,7190.031738,4,4,74.457079,88.092367,3961.021062,104.137023,255,2840729503,2477473841,255,0.141587,0.065744,0.075843,124,85,0,0,1,1,1,1,1,1,0,0,0,1,1,0,Generic,Normal
45868,1.880682,tcp,http,FIN,10,10,1194,638,10.102718,254,252,4572.809082,2445.921143,2,2,208.964667,190.576437,12326.88978,401.721625,255,3322298098,2068754794,255,0.199405,0.145147,0.054258,119,64,0,0,2,1,2,2,1,1,0,0,0,2,1,0,Generic,Normal
45876,0.24408,tcp,http,FIN,10,8,648,1794,69.649293,254,252,19141.26367,51458.53516,2,2,27.12,32.974145,1493.358947,58.171609,255,1412821125,1183125716,255,0.053826,0.006902,0.046924,65,224,1,444,2,1,1,1,1,1,0,0,1,1,1,0,Generic,Normal
45897,0.276278,tcp,http,FIN,12,26,1270,29352,133.923083,62,252,33734.14063,817263.8125,2,11,25.010182,10.38672,1379.728542,1117.248673,255,1632230620,2553665908,255,0.061068,0.016607,0.044461,106,1129,1,13824,2,1,1,1,1,1,0,0,1,1,1,0,Generic,Normal
45916,0.44134,tcp,smtp,FIN,12,6,582,788,38.519056,254,252,9679.612305,11909.18555,2,1,38.494728,33.673,2254.012029,45.861773,255,2158703608,3241329026,255,0,0,0,49,131,0,0,1,1,1,1,1,1,0,0,0,1,1,0,Generic,Normal
45990,0.367246,tcp,http,CON,8,28,616,34680,95.303965,62,252,11741.44824,728492.625,2,14,25.625429,13.380222,1247.807804,1533.443459,255,3223864658,4129247679,255,0.049714,0.005972,0.043742,77,1239,1,16384,1,3,1,1,1,1,0,0,1,1,1,0,Generic,Normal
46004,1.10E-05,udp,dns,INT,2,0,490,0,90909.0902,254,0,178181824,0,0,0,0.011,0,0,0,0,0,0,0,0,0,0,245,0,0,0,1,2,1,1,1,1,0,0,0,2,1,0,Generic,Normal
46029,0.401714,tcp,http,FIN,10,14,1124,11530,57.254664,254,252,20153.64258,213226.3281,2,5,44.634889,27.506001,2386.020836,2154.87053,255,4090102527,2313095781,255,0.107389,0.043392,0.063997,112,824,1,5150,1,1,1,1,1,1,0,0,1,2,1,0,Generic,Normal
46039,1.432441,tcp,smtp,FIN,20,20,3434,1448,27.226252,254,252,18223.4375,7684.78418,7,8,75.391633,69.663102,3612.63927,82.596,255,1180043895,1420309539,255,0.130052,0.085041,0.045011,172,72,0,0,1,1,1,1,1,1,0,0,0,1,1,0,Generic,Normal
46050,0.186459,tcp,-,FIN,10,10,960,4016,101.899074,62,252,37069.8125,155101.125,2,3,20.717667,19.523444,1083.631216,1683.123305,255,3113326917,2337371808,255,0.0512,0.006609,0.044591,96,402,1,740,1,1,1,1,1,1,0,0,1,1,1,0,Generic,Normal
46055,8.219671,tcp,http,FIN,22,30,1218,29548,6.204628,62,252,1131.918701,27800.625,2,12,391.412917,281.93,33080.9576,28822.60576,255,1962762966,3639015714,255,0.060692,0.011234,0.049458,55,985,0,0,1,1,1,1,1,1,0,0,0,1,1,0,Generic,Normal
46074,0.572744,tcp,http,FIN,22,92,1712,115688,197.295821,62,252,22837.42773,1598354.5,2,44,27.273523,6.211549,1317.325777,743.581537,255,238570501,791132880,255,0.051714,0.006863,0.044851,78,1257,1,55622,1,1,1,1,1,1,0,0,1,1,2,0,Generic,Normal
46126,0.245886,tcp,http,FIN,10,8,1222,1226,69.137731,254,252,35788.94141,34910.48828,2,2,27.320667,34.168145,1374.131277,51.496328,255,3875309134,1450999868,255,0.058409,0.006185,0.052224,122,153,1,176,2,1,1,1,1,1,0,0,1,1,3,0,Generic,Normal
46142,8.00E-06,udp,-,INT,2,0,1306,0,125000.0003,254,0,653000000,0,0,0,0.008,0,0,0,0,0,0,0,0,0,0,653,0,0,0,3,2,1,1,1,1,0,0,0,3,1,0,Generic,Normal
46143,0.438625,tcp,http,FIN,10,10,1182,3504,43.317184,62,252,19406.09766,57525.21875,2,2,48.736111,42.804889,2726.27527,3181.163926,255,3862916942,1830242669,255,0.084949,0.052529,0.03242,118,350,1,1157,2,1,1,1,1,1,0,0,1,2,1,0,Generic,Normal
46147,0.828169,tcp,smtp,FIN,108,32,122484,2222,167.840141,254,252,1172224.5,20797.6875,51,8,7.739897,26.266807,750.95509,31.824094,255,1843040523,1118221957,255,0.026486,0.013193,0.013293,1134,69,0,0,1,1,1,1,1,1,0,0,0,1,1,0,Generic,Normal
46180,0.368585,tcp,http,FIN,14,40,1464,47744,143.793159,62,252,29518.29297,1010372.125,2,18,28.352692,9.108461,1408.367571,1074.709537,255,110877228,600474391,255,0.062541,0.012525,0.050016,105,1194,1,22682,1,1,1,1,1,1,0,0,1,1,1,0,Generic,Normal
46234,0.258534,tcp,http,FIN,10,8,1540,2392,65.755371,62,252,42887.97266,64765.17188,2,2,28.726,36.007145,1424.394545,52.277219,255,1750514206,1110785971,255,0.05244,0.005753,0.046687,154,299,0,0,2,1,1,1,1,1,0,0,0,1,2,0,Generic,Normal
46289,0.388329,tcp,-,FIN,12,10,1204,590,54.077857,254,252,22743.60156,10939.17773,3,3,35.302636,42.228223,1741.045245,50.691609,255,3808067031,3753394671,255,0.069612,0.007433,0.062179,100,59,0,0,1,1,1,1,1,1,0,0,0,1,2,0,Generic,Normal
46333,5.00E-06,udp,-,INT,2,0,1446,0,200000.0051,254,0,1156800000,0,0,0,0.005,0,0,0,0,0,0,0,0,0,0,723,0,0,0,1,2,1,1,1,1,0,0,0,1,1,0,Generic,Normal
46443,0.706826,tcp,smtp,FIN,16,16,988,1312,43.858038,254,252,10491.97461,13921.38965,5,6,47.121733,43.944801,2232.35888,51.382254,255,3112572428,222455251,255,0.053883,0.007312,0.046571,62,82,0,0,1,1,1,1,1,1,0,0,0,1,2,0,Generic,Normal
46445,1.686019,tcp,http,FIN,34,174,1732,222339,122.774421,62,252,7980.930664,1048918.25,2,85,51.091485,9.326491,2417.592517,1087.870635,255,2069381229,3963946638,255,0.110296,0.039058,0.071238,51,1278,1,107292,1,1,1,1,1,1,0,0,1,1,1,0,Generic,Normal
46487,2.738692,tcp,http,FIN,134,28,170491,4958,58.787186,254,252,494306.0313,13965.79102,64,3,20.585496,97.044705,2368.94898,6026.554948,255,753890202,4007921016,255,0.254387,0.118483,0.135904,1272,177,0,0,2,1,2,1,1,1,0,0,0,1,1,0,Generic,Normal
46496,1.544508,tcp,http,FIN,24,24,6420,11598,30.430403,254,252,31870.34375,57571.73047,9,10,67.147349,63.222482,3195.896327,3206.266323,255,3063038307,2028549344,255,0.145204,0.090386,0.054818,268,483,3,1474,1,1,1,1,1,1,0,0,1,1,1,0,Generic,Normal
46567,2.486839,tcp,-,FIN,14,14,2284,1374,10.857156,254,252,6823.119629,4104.809082,4,3,191.295308,178.601687,11068.09221,249.049234,255,2559664568,1846617658,255,0.275453,0.164025,0.111428,163,98,0,0,2,1,1,1,1,1,0,0,0,2,1,0,Generic,Normal
46577,1.291302,tcp,http,CON,34,170,2580,218718,157.205677,62,252,15519.2207,1347056,2,79,37.574909,7.602586,1988.81885,916.651344,255,3565459043,1729749572,255,0.051,0.006459,0.044541,76,1287,1,131015,1,3,1,1,1,1,0,0,1,1,1,0,Generic,Normal
46585,0.717262,tcp,http,FIN,10,8,1216,874,23.701241,254,252,12213.11035,8532.446289,2,2,79.695778,96.081711,4413.170179,185.057609,255,4241129300,3903856959,255,0.11322,0.044038,0.069182,122,109,1,14,1,1,1,1,1,1,0,0,1,1,1,0,Generic,Normal
46636,2.990637,tcp,http,FIN,42,212,2622,282467,84.59736,62,252,6848.039062,752040.4375,2,104,72.942366,13.632237,3511.57643,1528.657103,255,1413312187,700733288,255,0.148844,0.113585,0.035259,62,1332,0,0,1,1,1,1,1,1,0,0,0,4,1,0,Generic,Normal
46642,0.279491,tcp,-,FIN,14,8,4712,404,75.136586,254,252,125256.2656,10132.70508,4,2,20.41977,39.043285,1178.998752,56.972051,255,1410105106,1252337038,255,0.050427,0.006178,0.044249,337,51,0,0,2,1,1,1,1,1,0,0,0,1,1,0,Generic,Normal
46665,1.20E-05,udp,-,INT,2,0,1448,0,83333.33039,254,0,482666656,0,0,0,0.012,0,0,0,0,0,0,0,0,0,0,724,0,0,0,1,2,1,1,1,1,0,0,0,1,1,0,Generic,Normal
46669,4.00E-06,udp,-,INT,2,0,1278,0,250000.0006,254,0,1278000000,0,0,0,0.004,0,0,0,0,0,0,0,0,0,0,639,0,0,0,3,2,1,1,1,1,0,0,0,1,1,0,Generic,Normal
46699,0.197904,tcp,http,FIN,10,10,1380,4142,96.006142,62,252,50206.16016,150699.3281,2,3,21.989333,20.365444,1123.583107,1696.004913,255,2599711458,3754300407,255,0.053627,0.008542,0.045085,138,414,1,1476,1,1,1,1,1,1,0,0,1,1,1,0,Generic,Normal
46712,1.123254,tcp,http,FIN,12,16,1960,8824,24.037307,62,252,12798.53027,58921.67188,3,5,102.114,66.715,7117.659839,4199.213116,255,2635244940,1420910930,255,0.133695,0.097974,0.035721,163,552,1,3243,2,1,1,1,1,1,0,0,1,1,1,0,Generic,Normal
46718,4.00E-06,udp,-,INT,2,0,656,0,250000.0006,254,0,656000000,0,0,0,0.004,0,0,0,0,0,0,0,0,0,0,328,0,0,0,2,2,1,1,1,1,0,0,0,2,1,0,Generic,Normal
46776,1.508406,tcp,smtp,FIN,24,20,8454,1770,28.506913,254,252,42969.86328,8920.674805,9,8,65.582871,72.776313,3524.715397,91.746516,255,2288034542,1928739810,255,0.171405,0.111749,0.059656,352,89,0,0,2,1,1,1,1,1,0,0,0,1,1,0,Generic,Normal
46815,0.271065,tcp,-,FIN,12,8,726,468,70.09389,254,252,19655.80273,12100.41895,3,2,24.642272,36.207,1359.278426,57.475629,255,1285309323,1651739748,255,0.027519,0.012449,0.01507,61,59,0,0,3,1,1,1,1,1,0,0,0,1,1,0,Generic,Normal
46818,0.223319,tcp,http,FIN,10,8,1366,2366,76.124291,62,252,44062.53125,74189.83594,2,2,24.813222,28.987572,1353.70177,50.906141,255,2712168362,2008017879,255,0.062356,0.016018,0.046338,137,296,1,632,1,1,1,1,1,1,0,0,1,2,1,0,Generic,Normal
46821,0.623074,tcp,http,FIN,10,12,1120,3482,33.703862,62,252,12942.2832,40983.89453,2,3,69.230444,51.579909,4757.861824,3383.51313,255,380869540,3763463891,255,0.101274,0.054914,0.04636,112,290,1,1125,1,1,1,1,1,1,0,0,1,1,1,0,Generic,Normal
46859,2.07455,tcp,http,FIN,74,434,4282,580983,244.39036,254,252,16292.69043,2235260.75,2,215,28.418492,4.774552,1549.694042,666.023898,255,140623668,3134020698,255,0.061767,0.006495,0.055272,58,1339,1,281412,1,1,1,1,1,1,0,0,1,1,1,0,Generic,Normal
46895,4.971189,tcp,http,FIN,20,24,1630,22092,8.649842,62,252,2492.763672,34071.52734,2,9,261.588201,214.835088,17613.39598,14275.6115,255,2666070120,195063590,255,0.091553,0.029978,0.061575,82,921,0,0,1,1,1,1,1,1,0,0,0,1,1,0,Generic,Normal
46900,6.921684,udp,-,INT,8,0,712,0,1.011315,254,0,720.05603,0,0,0,988.812,0,1334.506125,0,0,0,0,0,0,0,0,89,0,0,0,2,2,2,1,1,1,0,0,0,3,2,0,Generic,Normal
46903,0.772276,tcp,-,FIN,16,16,808,1218,40.14109,254,252,7852.115234,11829.96777,5,6,51.485066,48.001602,2602.328618,60.368898,255,1351116345,3293260224,255,0.067398,0.02655,0.040848,51,76,0,0,2,1,1,1,1,1,0,0,0,1,2,0,Generic,Normal
46907,6.921684,udp,-,INT,8,0,712,0,1.011315,254,0,720.05603,0,0,0,988.812,0,1334.506125,0,0,0,0,0,0,0,0,89,0,0,0,2,2,2,1,1,1,0,0,0,3,2,0,Generic,Normal
46913,6.921684,udp,-,INT,8,0,712,0,1.011315,254,0,720.05603,0,0,0,988.812,0,1334.506125,0,0,0,0,0,0,0,0,89,0,0,0,2,2,2,1,1,1,0,0,0,3,2,0,Generic,Normal
46919,6.921684,udp,-,INT,8,0,712,0,1.011315,254,0,720.05603,0,0,0,988.812,0,1334.506125,0,0,0,0,0,0,0,0,89,0,0,0,2,2,2,1,1,1,0,0,0,3,2,0,Generic,Normal
46982,0.646723,tcp,http,FIN,26,118,2070,149917,221.114768,62,252,24628.7832,1838771.875,2,57,25.86892,5.39688,1312.767543,669.66935,255,710405275,4247700784,255,0.033349,0.014506,0.018843,80,1270,1,72192,1,1,1,1,1,1,0,0,1,1,1,0,Generic,Normal
47012,0.260856,tcp,-,FIN,12,28,1202,32958,149.507773,62,252,33796.42188,974668,2,12,23.714181,9.398074,1208.503507,1097.259072,255,1540478962,422357008,255,0.056211,0.006399,0.049812,100,1177,1,14336,1,1,1,1,1,1,0,0,1,1,2,0,Generic,Normal
47014,1.466215,tcp,ssl,FIN,28,16,17978,6498,29.327213,254,252,94589.125,33239.32813,11,6,54.304257,94.391133,3367.384914,118.039523,255,3928034064,3320206834,255,0.116104,0.049588,0.066516,642,406,0,0,1,1,1,1,1,1,0,0,0,3,1,0,Generic,Normal
47015,0.133381,tcp,-,FIN,12,6,6316,268,127.454441,254,252,347275.875,13435.19727,3,1,12.125546,23.9384,756.527118,45.810203,255,2029601780,243261921,255,0.055381,0.008736,0.046645,526,45,0,0,2,1,1,1,1,1,0,0,0,1,1,0,Generic,Normal
47020,0.904321,tcp,http,FIN,26,114,1922,142871,153.70648,62,252,16357.02344,1252811.75,2,55,36.17284,7.751292,1878.001668,942.752736,255,1050831146,686779472,255,0.052739,0.006544,0.046195,74,1253,1,68766,1,1,1,1,1,1,0,0,1,1,1,0,Generic,Normal
47046,3.276869,tcp,-,FIN,38,40,1868,6538,23.49804,254,252,4440.824219,15563.63672,16,18,88.564024,82.452693,4422.372898,4303.93798,255,2005933223,3734859955,255,0.100084,0.060427,0.039657,49,163,0,0,2,1,1,1,1,1,0,0,0,1,2,0,Generic,Normal
47091,0.315413,tcp,http,FIN,10,16,1126,14492,79.26116,62,252,25718.66016,344614.8438,2,6,35.045889,17.849601,1941.941447,1525.331786,255,2930777086,1151531867,255,0.1098,0.046996,0.062804,113,906,1,0,1,1,1,1,1,1,0,0,1,1,1,0,Generic,Normal
47119,1.782137,tcp,http,FIN,62,362,3506,482405,237.355485,254,252,15487.02441,2159533.25,2,179,29.21536,4.915477,1493.829268,634.596782,255,658955500,4165984637,255,0.051718,0.006914,0.044804,57,1333,1,233551,1,1,1,1,1,1,0,0,1,1,1,0,Generic,Normal
47138,1.10E-05,udp,-,INT,2,0,1450,0,90909.0902,254,0,527272736,0,0,0,0.011,0,0,0,0,0,0,0,0,0,0,725,0,0,0,1,2,1,1,1,1,0,0,0,2,1,0,Generic,Normal
47202,1.20E-05,udp,-,INT,2,0,1300,0,83333.33039,254,0,433333312,0,0,0,0.012,0,0,0,0,0,0,0,0,0,0,650,0,0,0,1,2,1,1,1,1,0,0,0,1,1,0,Generic,Normal
47206,0.363578,tcp,http,FIN,12,12,2114,5246,63.260155,62,252,42642.84375,105814.9844,3,4,33.052546,32.376455,1631.472345,1864.833473,255,1739183289,1594456740,255,0.051887,0.006722,0.045165,176,437,1,477,1,1,1,1,1,1,0,0,1,1,1,0,Generic,Normal
47207,0.695079,tcp,-,FIN,112,20,135729,870,188.467778,254,252,1548232.625,9518.341797,53,1,6.261973,36.215895,622.269925,41.982281,255,4134412195,2206016866,255,0.051578,0.006198,0.04538,1212,44,0,0,1,1,1,1,1,1,0,0,0,1,1,0,Generic,Normal
47213,1.596572,tcp,smtp,FIN,24,20,8330,1906,26.932703,254,252,40000.69922,9074.441406,9,8,69.375436,81.254945,4084.876921,110.941937,255,170875973,2567415878,255,0.111997,0.052716,0.059281,347,95,0,0,1,1,1,1,1,1,0,0,0,3,1,0,Generic,Normal
47249,0.634338,tcp,-,FIN,10,6,2060,268,23.646699,254,252,23381.85547,2824.992188,2,1,65.426556,109.413602,3292.133163,164.593531,255,1886073536,4238558447,255,0.189523,0.087266,0.102257,206,45,0,0,1,1,1,1,1,1,0,0,0,1,1,0,Generic,Normal
47266,0.772133,tcp,smtp,FIN,30,20,19574,1694,63.46057,254,252,196049.125,16681.06445,12,7,26.625276,40.295262,1753.288116,51.647203,255,3654671103,4294324529,255,0.052295,0.005933,0.046362,652,85,0,0,1,1,1,1,1,1,0,0,0,2,1,0,Generic,Normal
47281,0.667373,tcp,http,FIN,14,36,1370,37948,73.422209,62,252,15259.83203,442259.4375,2,15,51.336383,17.336285,3196.790978,1843.917758,255,3457880687,201429016,255,0.099008,0.059834,0.039174,98,1054,0,0,1,1,1,1,1,1,0,0,0,1,1,0,Generic,Normal
47304,4.00E-06,udp,-,INT,2,0,2128,0,250000.0006,254,0,2128000000,0,0,0,0.004,0,0,0,0,0,0,0,0,0,0,1064,0,0,0,2,2,1,1,1,1,0,0,0,1,1,0,Generic,Normal
47393,0.387486,tcp,http,FIN,10,8,1366,1522,43.872552,62,252,25394.46484,27500.34766,2,2,43.054,45.205855,2104.268956,67.293445,255,256955635,1842999857,255,0.126414,0.070313,0.056101,137,190,1,212,1,1,1,1,1,1,0,0,1,1,1,0,Generic,Normal
47411,1.00E-06,udp,dns,INT,2,0,118,0,1000000.003,254,0,472000000,0,0,0,0.001,0,0,0,0,0,0,0,0,0,0,59,0,0,0,2,2,1,1,1,1,0,0,0,2,2,0,Generic,Normal
47500,1.053697,tcp,http,FIN,32,164,2222,211503,185.062691,62,252,16346.25488,1596011,2,79,33.990225,6.358405,2056.037802,967.640109,255,1123008884,2369117282,255,0.06264,0.016626,0.046014,69,1290,1,102180,1,1,1,1,1,1,0,0,1,2,1,0,Generic,Normal
47567,0.958235,tcp,smtp,FIN,20,20,3676,1418,40.699827,254,252,29161.94727,11254.02441,7,8,50.433422,48.776789,2387.909881,58.02416,255,573448396,2699371753,255,0.07281,0.012825,0.059985,184,71,0,0,1,1,1,1,1,1,0,0,0,1,1,0,Generic,Normal
47726,1.10E-05,udp,-,INT,2,0,144,0,90909.0902,254,0,52363636,0,0,0,0.011,0,0,0,0,0,0,0,0,0,0,72,0,0,0,1,2,1,1,1,1,0,0,0,1,1,0,Generic,Normal
47755,0.641348,tcp,http,FIN,10,10,1000,1952,29.625102,254,252,11226.35449,21916.33789,2,2,71.260889,66.110891,4878.213794,106.646742,255,1281502833,3380040213,255,0.089392,0.045538,0.043854,100,195,1,452,1,1,1,1,1,1,0,0,1,2,1,0,Generic,Normal
47835,0.910751,tcp,-,FIN,12,10,1116,546,23.057894,254,252,8985.991211,4321.708008,3,3,75.349179,93.59,4306.972801,111.296047,255,1166602348,3646518422,255,0.142673,0.068433,0.07424,93,55,0,0,1,1,1,1,1,1,0,0,0,1,2,0,Generic,Normal
47836,1.205716,tcp,smtp,FIN,24,20,8224,1876,35.663456,254,252,52297.55469,11830.31445,9,8,52.416827,60.881211,2740.059507,70.032133,255,4276707865,1906468937,255,0.110871,0.04897,0.061901,343,94,0,0,1,1,2,1,1,1,0,0,0,2,1,0,Generic,Normal
47850,0.376021,tcp,http,FIN,10,8,1220,1970,45.210241,254,252,23360.39844,36678.80078,2,2,41.780111,49.246145,2082.669029,62.633598,255,1254612054,2451204796,255,0.08038,0.030642,0.049738,122,246,1,498,1,1,1,1,1,1,0,0,1,1,1,0,Generic,Normal
47891,6.00E-06,udp,-,INT,2,0,1364,0,166666.6608,254,0,909333312,0,0,0,0.006,0,0,0,0,0,0,0,0,0,0,682,0,0,0,1,2,1,1,1,1,0,0,0,1,1,0,Generic,Normal
47896,0.811837,tcp,smtp,FIN,38,22,30046,1838,72.674686,254,252,288294.3125,17294.11133,16,8,21.94154,38.00057,1430.050666,45.080684,255,3925530291,2824038930,255,0.056795,0.013012,0.043783,791,84,0,0,1,1,1,1,1,1,0,0,0,1,1,0,Generic,Normal
59153,4.00E-06,udp,dns,INT,2,0,114,0,250000.0006,254,0,114000000,0,0,0,0.004,0,0,0,0,0,0,0,0,0,0,57,0,0,0,9,2,2,2,1,2,0,0,0,2,9,0,Generic,Normal
59345,4.00E-06,udp,dns,INT,2,0,114,0,250000.0006,254,0,114000000,0,0,0,0.004,0,0,0,0,0,0,0,0,0,0,57,0,0,0,9,2,2,2,1,2,0,0,0,2,9,0,Generic,Normal
59731,5.00E-06,udp,dns,INT,2,0,114,0,200000.0051,254,0,91200000,0,0,0,0.005,0,0,0,0,0,0,0,0,0,0,57,0,0,0,8,2,2,2,2,2,0,0,0,3,8,0,Generic,Normal
59736,5.00E-06,udp,dns,INT,2,0,114,0,200000.0051,254,0,91200000,0,0,0,0.005,0,0,0,0,0,0,0,0,0,0,57,0,0,0,8,2,2,2,2,2,0,0,0,3,8,0,Generic,Normal
59761,1.10E-05,udp,dns,INT,2,0,114,0,90909.0902,254,0,41454544,0,0,0,0.011,0,0,0,0,0,0,0,0,0,0,57,0,0,0,9,2,2,2,2,2,0,0,0,2,9,0,Generic,Normal
59763,2.00E-06,udp,dns,INT,2,0,114,0,500000.0013,254,0,228000000,0,0,0,0.002,0,0,0,0,0,0,0,0,0,0,57,0,0,0,8,2,2,2,2,2,0,0,0,2,8,0,Generic,Normal
59767,1.10E-05,udp,dns,INT,2,0,114,0,90909.0902,254,0,41454544,0,0,0,0.011,0,0,0,0,0,0,0,0,0,0,57,0,0,0,6,2,2,2,2,2,0,0,0,4,6,0,Generic,Normal
59770,1.10E-05,udp,dns,INT,2,0,114,0,90909.0902,254,0,41454544,0,0,0,0.011,0,0,0,0,0,0,0,0,0,0,57,0,0,0,6,2,2,2,2,2,0,0,0,4,6,0,Generic,Normal
59773,1.10E-05,udp,dns,INT,2,0,114,0,90909.0902,254,0,41454544,0,0,0,0.011,0,0,0,0,0,0,0,0,0,0,57,0,0,0,9,2,2,2,2,2,0,0,0,2,9,0,Generic,Normal
60026,1.10E-05,udp,dns,INT,2,0,114,0,90909.0902,254,0,41454544,0,0,0,0.011,0,0,0,0,0,0,0,0,0,0,57,0,0,0,9,2,2,2,2,2,0,0,0,2,9,0,Generic,Normal
60031,1.10E-05,udp,dns,INT,2,0,114,0,90909.0902,254,0,41454544,0,0,0,0.011,0,0,0,0,0,0,0,0,0,0,57,0,0,0,9,2,2,2,2,2,0,0,0,2,9,0,Generic,Normal
60195,4.00E-06,udp,dns,INT,2,0,114,0,250000.0006,254,0,114000000,0,0,0,0.004,0,0,0,0,0,0,0,0,0,0,57,0,0,0,9,2,2,2,2,2,0,0,0,2,9,0,Generic,Normal
60222,4.00E-06,udp,dns,INT,2,0,114,0,250000.0006,254,0,114000000,0,0,0,0.004,0,0,0,0,0,0,0,0,0,0,57,0,0,0,9,2,2,2,2,2,0,0,0,2,9,0,Generic,Normal
60764,2.00E-06,udp,dns,INT,2,0,114,0,500000.0013,254,0,228000000,0,0,0,0.002,0,0,0,0,0,0,0,0,0,0,57,0,0,0,6,2,2,2,2,2,0,0,0,2,6,0,Generic,Normal
60768,2.00E-06,udp,dns,INT,2,0,114,0,500000.0013,254,0,228000000,0,0,0,0.002,0,0,0,0,0,0,0,0,0,0,57,0,0,0,6,2,2,2,2,2,0,0,0,2,6,0,Generic,Normal
60769,9.00E-06,udp,dns,INT,2,0,114,0,111111.1072,254,0,50666664,0,0,0,0.009,0,0,0,0,0,0,0,0,0,0,57,0,0,0,9,2,2,2,1,2,0,0,0,2,9,0,Generic,Normal
60947,7.00E-06,udp,dns,INT,2,0,114,0,142857.1409,254,0,65142856,0,0,0,0.007,0,0,0,0,0,0,0,0,0,0,57,0,0,0,9,2,2,2,2,2,0,0,0,2,9,0,Generic,Normal
60949,7.00E-06,udp,dns,INT,2,0,114,0,142857.1409,254,0,65142856,0,0,0,0.007,0,0,0,0,0,0,0,0,0,0,57,0,0,0,9,2,2,2,2,2,0,0,0,2,9,0,Generic,Normal
61276,1.00E-05,udp,dns,INT,2,0,114,0,100000.0025,254,0,45600000,0,0,0,0.01,0,0,0,0,0,0,0,0,0,0,57,0,0,0,6,2,3,2,2,2,0,0,0,2,6,0,Generic,Normal
61524,1.00E-05,udp,dns,INT,2,0,114,0,100000.0025,254,0,45600000,0,0,0,0.01,0,0,0,0,0,0,0,0,0,0,57,0,0,0,6,2,3,2,2,2,0,0,0,2,6,0,Generic,Normal
62021,1.00E-05,udp,dns,INT,2,0,114,0,100000.0025,254,0,45600000,0,0,0,0.01,0,0,0,0,0,0,0,0,0,0,57,0,0,0,6,2,2,2,2,2,0,0,0,3,6,0,Generic,Normal
62032,2.00E-06,udp,dns,INT,2,0,114,0,500000.0013,254,0,228000000,0,0,0,0.002,0,0,0,0,0,0,0,0,0,0,57,0,0,0,6,2,2,2,2,2,0,0,0,2,6,0,Generic,Normal
62066,2.00E-06,udp,dns,INT,2,0,114,0,500000.0013,254,0,228000000,0,0,0,0.002,0,0,0,0,0,0,0,0,0,0,57,0,0,0,6,2,2,2,2,2,0,0,0,2,6,0,Generic,Normal
